,Mean,Median,Mode,Variance,Std Deviation,Skewness,Kurtosis
H,4.206088992974239,4.0,2.0,3.3121268957382544,1.8199249698100892,0.20614120184315013,-1.0444439888902612
B,10.576112412177986,10.0,2.0,34.666533169204605,5.887829240832703,0.06998196338764766,-1.2714745966260617
q,9.894613583138174,10.0,0.0,66.40177478475249,8.148728415203964,0.01932968916883279,-1.4937569347297692
R_int,0.7997658079625293,0.8,0.6,0.026658803117531486,0.16327523730661514,0.0021515062535040256,-1.4995531659181043
gamma,15.997658079625293,16.0,14.0,2.665880311753149,1.6327523730661515,0.002151506253504763,-1.4995531659181047
Su,62.5,62.5,25.0,781.4787701317716,27.954941783730682,0.0,-1.3602342331115853
sf_lower,5.506227751756439,4.696,4.337,13.247471274614682,3.6397075809211215,1.365565907893676,1.985147417737477
sf_upper,5.7072456088992976,4.872,4.968,14.144347069087594,3.76089710961196,1.3634674832056326,1.9982140264321169
